 [
  {
    "id": 1,
    "name": "Book",
    "price": 10.99,
    "imgUrl": "/imgs/book.jpg",
    "rating":4.0
  },
  {
    "id": 2,
    "name": "Computer",
    "price": 1199,
    "imgUrl": "/imgs/computer.jpg",
    "rating":3.0
  },
  {
    "id": 3,
    "name": "Banana",
    "price": 1.05,
    "imgUrl": "/imgs/banana.jpg",
    "rating":1.0
  },
  {
    "id": 4,
    "name": "Car",
    "price": 14000,
    "imgUrl": "/imgs/car.jpg",
    "rating":2.0
    
  },
  {
    "id": 1,
    "name": "Book",
    "price": 10.99,
    "imgUrl": "/imgs/book.jpg",
    "rating":4.0
  },
  {
    "id": 2,
    "name": "Computer",
    "price": 1199,
    "imgUrl": "/imgs/computer.jpg",
    "rating":3.0
  },
  {
    "id": 3,
    "name": "Banana",
    "price": 1.05,
    "imgUrl": "/imgs/banana.jpg",
    "rating":1.0
  },
  {
    "id": 4,
    "name": "Car",
    "price": 14000,
    "imgUrl": "/imgs/car.jpg",
    "rating":2.0
    
  }
 ]